arm,cost,slice,total_trades,win_rate,profit_factor,avg_r_multiple,expectancy_r,avg_trade_usd,avg_win_usd,avg_loss_usd,max_drawdown_usd,max_drawdown_pct,total_return_pct,cagr_pct,sharpe_ratio,sortino_ratio,calmar_ratio,exposure_pct,net_pnl_usd,final_portfolio_value_usd,max_consecutive_losses,avg_hold_minutes,long_trades,short_trades,long_pf,short_pf,r_mean_ci_low,r_mean_ci_high,is_oos_pf_ratio
ext2_base,base,E1,530,0.37924528301886795,0.8885933578296662,-0.0818204496092531,-0.0818204496092531,-3.9660590566035405,83.41246716417939,-57.34929240121561,2754.293899999964,2.683187100000039,-2.1020112999998766,-5.0089017074695485,-1.5342004542515737,-2.15830607350046,-1.866773177118165,88.55829704886308,-2102.0112999998764,97897.98870000012,10,216.33018867924528,284,246,0.9089729531134674,0.864097119799787,-0.18497791881340356,0.020660840853460358,
ext2_base,base,E2,515,0.42718446601941745,0.8630796607204804,-0.0014687982405669794,-0.0014687982405669794,-4.815546796116241,71.0580150000004,-61.399219999999836,3400.035199999905,3.244269095470686,-2.480006599999864,-5.856031103974091,-2.0443116493146514,-2.658975863647079,-1.8050386486588545,91.23724172267862,-2480.006599999864,97519.99340000014,13,227.11650485436894,243,272,0.945437122828002,0.7927844099492386,-0.13738550955943019,0.1579914628866768,
ext2_base,base,E3,425,0.4423529411764706,1.0740549327752824,0.1308716549736376,0.1308716549736376,2.780013411764983,91.14869893617052,-67.3183531645567,1663.4594999999506,1.5577635700456438,1.1815057000001177,3.5790812156287544,0.9027310089444155,1.3879172607762027,2.297576656978751,90.69381598793363,1181.5057000001177,101181.50570000011,8,207.41176470588235,222,203,1.2855737449970006,0.8795559432002112,-0.01925551800547798,0.28804583241661863,
ext2_base,base,C,420,0.41904761904761906,0.9639837424868108,-0.014259585609287858,-0.014259585609287858,-1.2783602380949866,81.65090511363657,-61.09619098360627,3290.4956999999613,3.189559239001824,-0.5369112999998944,-1.625274246819075,-0.40070007906210237,-0.6381470051242617,-0.5095607653074054,90.87301587301587,-536.9112999998944,99463.08870000011,14,213.86904761904762,216,204,1.0338664674937448,0.8951347709729477,-0.13367143471703935,0.10963615533732941,
ext2_base,base,B,105,0.45714285714285713,0.8771325187636465,-0.10933074555277848,-0.10933074555277848,-7.238609523809309,113.03982291666684,-108.52571052631555,2353.62509999999,2.2919757500813995,-0.7600539999999776,-8.87062907717443,-1.3015874585003806,-2.2030192712122756,-3.870297963169719,86.44688644688645,-760.0539999999775,99239.94600000003,6,169.52380952380952,50,55,0.6190494276979196,1.345653570850408,-0.3065392840907486,0.09702810768901592,
ext2_base,base,A,315,0.37142857142857144,0.8138202498706479,-0.027331450957831134,-0.027331450957831134,-6.558717777777399,77.18620427350477,-56.04435353535323,2670.780699999924,2.6130689074586435,-2.065996099999881,-7.953972332743842,-2.7264557990867795,-3.7151473052078536,-3.0439198560896457,90.82214082214082,-2065.9960999998807,97934.00390000011,17,215.66666666666666,180,135,0.7238529216830728,0.9434339306942552,-0.1806328128574474,0.1428378303815091,
ext2_base,base,D1,420,0.41904761904761906,1.0287379093922697,0.0016504295886568322,0.0016504295886568322,1.0367471428574735,88.5643710227277,-62.09793237704891,2386.026899999899,2.176874354541166,0.4354338000001388,1.3312578334449654,0.399074125949242,0.6234159671217714,0.6115455541418068,94.06288156288156,435.43380000013883,100435.43380000014,9,217.0952380952381,199,221,1.1480182359212427,0.9391909617130852,-0.12242065847438525,0.13571911989358929,
ext2_base,base,D2,415,0.41686746987951806,0.9840779273846451,-0.037787005168801714,-0.037787005168801714,-0.6366539759031385,94.3920329479775,-68.57038471074343,2041.207799999936,1.9051959263013283,-0.2642113999998025,-0.7954223272762628,-0.19005219391722641,-0.2915782944658419,-0.41750158936171156,91.78251467408094,-264.2113999998025,99735.7886000002,12,212.36144578313252,201,214,0.9943362297276414,0.9750597525511554,-0.15505883254897976,0.09148832802657926,
ext2_base,base,D3,420,0.4642857142857143,1.1069510642868488,0.07554487904504105,0.07554487904504105,4.190107380952745,93.40780000000039,-73.13189288888856,2005.5018999999425,1.8672700759588776,1.759845100000153,5.3616917237698125,1.355138514601695,2.1264608244612835,2.8714066555243676,92.68925518925519,1759.845100000153,101759.84510000015,9,232.26190476190476,200,220,1.1090556600250585,1.1050426200740724,-0.046367012514244306,0.20252173884820304,
ext2_base,base,IS,1890,0.41534391534391535,0.9419623795296593,0.0029154275243909737,0.0029154275243909737,-2.083292857142602,81.40787757961813,-61.39602479637986,5956.5345999995825,5.879024599999655,-3.9374234999995172,-2.641888728088271,-0.7299383717730668,-1.0659308742768538,-0.44937534843593374,90.28286528286529,-3937.4234999995174,96062.57650000048,14,216.71693121693121,965,925,1.0308933330727397,0.8542816853067213,-0.063627053119502,0.07167999906223858,0.9550148833684238
ext2_base,base,OOS,1675,0.42328358208955225,0.9863326697142907,-0.0019992315544227774,-0.0019992315544227774,-0.5343179701488769,91.09784118476774,-67.78814906832267,5500.802099999756,5.298003208075151,-0.8949825999993688,-0.6719906962130873,-0.1517703918339616,-0.23428966758278663,-0.12683848420266097,92.06659012629162,-894.9825999993689,99105.01740000064,17,216.47462686567164,830,845,0.9522689265001015,1.0201537702086385,-0.06502217172761691,0.06249389656480592,0.9550148833684238
ext2_base,base,ALL,3565,0.4190743338008415,0.9637549497356259,0.0006062959796467849,0.0006062959796467849,-1.3555136325382569,86.00639444444482,-64.3775757605019,8335.057299999266,8.190704299999197,-4.832406099998885,-1.5952359568980334,-0.4197927940340107,-0.6308035671542932,-0.19476175655592765,84.04816399641756,-4832.406099998886,95167.59390000111,17,216.6030855539972,1795,1770,0.9922075343001213,0.9356056238197009,-0.04499881366147232,0.04806788753650567,
orb30_base,base,E1,528,0.45454545454545453,0.8614981271083302,-0.03940494726895515,-0.03940494726895515,-5.450966666666326,74.59245458333376,-72.15381770833307,4829.687899999888,4.654991600704377,-2.87811039999982,-6.820212124457125,-1.6682770553173547,-2.136448775476955,-1.4651395124805628,85.87324625060474,-2878.11039999982,97121.88960000018,13,274.0246212121212,289,239,0.8293987293019137,0.8952680452728158,-0.09816765155675634,0.01978855424337404,
orb30_base,base,E2,513,0.4522417153996101,0.840731938946042,-0.03374416753052869,-0.03374416753052869,-6.181534307991861,72.15302068965553,-70.85632704626302,4783.286499999911,4.710864929349269,-3.171127099999825,-7.451311025202456,-1.9964555475212729,-2.6433999135695476,-1.5817288623114347,87.40353497635051,-3171.127099999825,96828.87290000018,10,278.7037037037037,334,179,0.9781502099595472,0.6548149335845362,-0.09481458229112656,0.02923199978356296,
orb30_base,base,E3,422,0.5,0.9256200870088839,-0.001617303217247874,-0.001617303217247874,-3.054791469194018,76.03064407582971,-82.14022701421776,3107.236799999927,3.0106689726787894,-1.2891219999998758,-3.810052923456153,-0.8810025775461026,-1.1688610925752732,-1.265517052200561,87.55656108597285,-1289.1219999998757,98710.87800000013,8,279.0047393364929,274,148,0.8899384346478589,0.9833143695929281,-0.06713644019675812,0.06555597174280339,
orb30_base,base,C,417,0.4316546762589928,0.7071032697268055,-0.0808559820888496,-0.0808559820888496,-12.951927338129243,72.43797000000032,-77.80501392405043,5699.546699999892,5.578961310954248,-5.400953699999894,-15.548898217383321,-3.908582889368972,-4.581318930329749,-2.787059696372724,87.14896214896216,-5400.9536999998945,94599.0463000001,12,273.84892086330933,254,163,0.7259281821357914,0.6829994998232516,-0.14655194664815716,-0.013366352077694496,
orb30_base,base,B,99,0.5555555555555556,1.1432888485311883,0.04314500168904135,0.04314500168904135,8.725152525252694,125.31097454545466,-137.00712499999975,2133.8532999999916,2.0573010777258456,0.8637901000000169,11.039391948110232,1.2981667114530115,2.0937593789497084,5.3659583750926965,82.6007326007326,863.7901000000168,100863.79010000001,6,234.7979797979798,53,46,1.1429774752029018,1.1435985818543355,-0.12274491554339202,0.2104323515893007,
orb30_base,base,A,313,0.49201277955271566,0.9233586955296574,-0.034248731970883774,-0.034248731970883774,-2.834686261980376,69.41225779220835,-72.80971383647764,1575.4270999999048,1.3818989530547263,-0.8872567999998577,-3.4763623855890824,-1.0071737417536355,-1.325657029128921,-2.515641522055202,86.08058608058609,-887.2567999998578,99112.74320000014,8,255.44728434504793,225,88,1.030856628063184,0.7178622898562408,-0.11715915484181044,0.04786900009253766,
orb30_base,base,D1,420,0.4238095238095238,0.6420782031361763,-0.10123725091616251,-0.10123725091616251,-17.27536976190434,73.12340730337121,-83.76703223140454,8496.720699999845,7.81718371484345,-7.255655299999823,-20.488282178318318,-5.0955437889126385,-5.616191516159288,-2.6209288313660446,87.42368742368743,-7255.655299999823,92744.34470000018,9,272.3809523809524,266,154,0.6317962448295666,0.6586353185608853,-0.168517313322091,-0.035775769665972304,
orb30_base,base,D2,411,0.5279805352798054,1.029438010415362,0.01283551766122068,0.01283551766122068,1.1696221411197658,77.46747741935545,-84.1738551546387,3929.294999999965,3.688678937945049,0.4807147000002238,1.4581349260363918,0.34691121950080106,0.5026802777573344,0.3953000384600331,87.64287920914427,480.7147000002238,100480.71470000023,9,287.0559610705596,208,203,1.038798368611996,1.020560996750731,-0.053046092240112315,0.0808525939196019,
orb30_base,base,D3,418,0.507177033492823,1.0996481074182898,0.016971224369410537,0.016971224369410537,4.194910765550846,91.27415566037797,-85.42062281553338,1983.4696999999815,1.8388091586253863,1.7534727000002537,5.3419396541445785,1.1935944325020826,1.9695669641152163,2.9051082485025144,87.6068376068376,1753.4727000002538,101753.47270000026,11,286.48325358851673,257,161,1.141006686639157,1.043076681943063,-0.0485803929469084,0.08312486504986213,
orb30_base,base,IS,1880,0.45904255319148934,0.8333909312143788,-0.03857234924994597,-0.03857234924994597,-6.776230425531604,73.83892282734683,-75.18417266469983,14103.21599999946,13.838092657111504,-12.739313199999414,-8.682344920384644,-2.0952677383990213,-2.6580949620790433,-0.6274235283373911,86.95224528557861,-12739.313199999415,87260.68680000058,13,276.38031914893617,1151,729,0.8590525505104831,0.8001252540997393,-0.07014352839161943,-0.007226403667423344,0.8963705755788013
orb30_base,base,OOS,1661,0.4912703190848886,0.9297392773923269,-0.02203418048120679,-0.02203418048120679,-3.0372875376274453,81.81142328431424,-84.97403076923032,9344.459799999539,9.132229917620412,-5.044934599999187,-3.8080778864890474,-0.7882661174539648,-1.1009735581606943,-0.4169932120457737,86.96900114810562,-5044.9345999991865,94955.0654000008,11,274.1300421432872,1009,652,0.9466712585146898,0.9069103314964829,-0.05564330899002793,0.01209020754966711,0.8963705755788013
orb30_base,base,ALL,3541,0.47415984185258403,0.8800512280955025,-0.030814682397397035,-0.030814682397397035,-5.0223800621289465,77.71358653960735,-79.62693856068708,22009.786399998946,21.647766784421428,-17.7842477999986,-6.159841089375718,-1.3300627163240009,-1.7831480892463127,-0.28454857033144765,80.21030284937142,-17784.2477999986,82215.7522000014,13,275.3247670149675,2160,1381,0.9018556064189118,0.8512434903574398,-0.054039457418831774,-0.007364552098145224,
vwap_pb_base,base,E1,332,0.48493975903614456,1.2178527596730824,0.09726048011823853,0.09726048011823853,3.2387960527115034,37.33597763975218,-28.86439830701685,612.2776678999375,0.5491588137930187,1.0752802895002191,2.620838781449919,2.0157243028597,4.112863076635289,4.7724605626337615,37.59071117561684,1075.2802895002192,101075.28028950022,8,76.17469879518072,180,152,0.9807635539302593,1.4585462286423183,-0.035355859494230354,0.23740462994144873,
vwap_pb_base,base,E2,334,0.39520958083832336,0.7322430792110876,-0.09923955685470616,-0.09923955685470616,-4.508945712274987,31.200540151515554,-27.843857266831183,1980.4883828998531,1.933975252368278,-1.5059878678998455,-3.580676842605579,-3.1273203186655367,-4.087470321882754,-1.8514594942312774,40.16679113766492,-1505.9878678998457,98494.01213210015,8,78.99700598802396,206,128,0.7322493065096716,0.7322344381266468,-0.2222588814716732,0.032150724791676334,
vwap_pb_base,base,E3,254,0.4409448818897638,1.131487035480014,0.07182251952054981,0.07182251952054981,1.9675913114177113,38.39876339285738,-26.766854273943157,885.555299499984,0.8756046654650388,0.4997681931000987,1.5036992842529129,0.9500182129727468,1.691495429693731,1.7173267155381011,33.30316742081448,499.76819310009864,100499.7681931001,18,72.00787401574803,152,102,1.107026618806904,1.1649842974087539,-0.0834669052321451,0.2360441374520984,
vwap_pb_base,base,C,260,0.47692307692307695,1.0987140921343785,0.007491335760239844,0.007491335760239844,1.511515968077311,35.27523709677436,-29.273053296322942,665.3867231999832,0.6584181514085964,0.3929941517001008,1.2009862513721048,0.6972631128688258,1.3454397016370576,1.8240479075535168,40.12515262515262,392.9941517001008,100392.9941517001,11,81.48076923076923,158,102,1.196193480081423,0.9953698053352443,-0.12781099036664428,0.15166021361736265,
vwap_pb_base,base,B,60,0.48333333333333334,0.7920365384561097,0.14212438875462058,0.14212438875462058,-6.002727114999304,47.29987931034512,-55.86645570645054,606.2282318999715,0.6055927149413459,-0.3601636268999582,-4.297817048284602,-1.7377574861283782,-2.521296370066063,-7.096877063160945,32.356532356532355,-360.1636268999582,99639.83637310004,7,74.66666666666667,22,38,1.1501272986874345,0.6916896658501692,-0.20104962897379317,0.535067517112143,
vwap_pb_base,base,A,200,0.42,1.0438622579137153,-0.0723375479852891,-0.0723375479852891,0.723808573000514,41.01348214285748,-28.45147228793039,607.133825399927,0.585739777068051,0.14476171460010281,0.5759564437352482,0.36524049851424234,0.6734406174642991,0.9832974748927352,40.598290598290596,144.7617146001028,100144.7617146001,10,77.7,144,56,0.9064002271166949,1.4094999968369375,-0.22191090947882688,0.08125356702561527,
vwap_pb_base,base,D1,272,0.3786764705882353,0.7061975579976397,-0.18513543522271791,-0.18513543522271791,-5.892495633087712,37.40259708737896,-32.27944563431888,1646.9688121998602,1.6469688121998625,-1.6027588121998577,-4.798943273058731,-3.1516881867152806,-3.732072752692157,-2.913803368655636,40.73565323565324,-1602.7588121998579,98397.24118780014,8,76.80147058823529,183,89,0.703970115093116,0.7114834139304461,-0.30565235602280866,-0.05886245958691933,
vwap_pb_base,base,D2,254,0.3858267716535433,0.6684868605929026,-0.20932002978432315,-0.20932002978432315,-6.143895301967819,32.11024183673511,-30.175340427563253,1634.3193166998315,1.623071287148023,-1.560549406699826,-4.636864039665078,-4.091357768832013,-5.071306638112956,-2.8568455842828295,33.82761816496756,-1560.549406699826,98439.45059330018,13,64.35039370078741,131,123,0.5347564054727977,0.8117826404277951,-0.3318885208418715,-0.08389342771200597,
vwap_pb_base,base,D3,249,0.4457831325301205,0.8341825362754817,-0.04434806735415156,-0.04434806735415156,-3.228435953412997,36.433372072072714,-35.13032501739063,1393.9000447999174,1.3132023555621635,-0.8038805523998364,-2.3874636111704706,-1.7054787247116758,-2.023809832126969,-1.818047006280636,36.55372405372405,-803.8805523998363,99196.11944760017,12,76.08433734939759,154,95,0.9633426026510169,0.6705226626632835,-0.18875599594337317,0.107638679734726,
vwap_pb_base,base,IS,1180,0.4483050847457627,1.025190666960649,0.016385707343784188,0.016385707343784188,0.39157183593268885,35.54698412098337,-28.175575781259028,1980.4883828998513,1.9134142111441301,0.46205476640057286,0.30772946281487634,0.22244939324894125,0.3858636135740583,0.16082741573810558,37.89173789173789,462.0547664005728,100462.05476640057,18,77.2457627118644,696,484,0.9714027060888095,1.089677730545,-0.05324156590091189,0.08715715863056067,1.2955499131193347
vwap_pb_base,base,OOS,1035,0.4106280193236715,0.791316997190997,-0.11643173042392432,-0.11643173042392432,-4.041150418936595,37.318128235294544,-32.85704128458944,4679.5160181994725,4.602513324230832,-4.182590683599376,-3.1536364337630407,-2.0934416555856377,-2.746016160785132,-0.6851987624153318,37.42441637964026,-4182.590683599376,95817.40931640062,13,73.6231884057971,634,401,0.7843642631419755,0.8011888854635362,-0.1829853662699859,-0.045668552203026555,1.2955499131193347
vwap_pb_base,base,ALL,2215,0.4306997742663657,0.9030734217140339,-0.045675713915619115,-0.045675713915619115,-1.679700188351604,36.33601582809265,-30.440202234099274,5006.288643199046,4.8685647310256925,-3.720535917198803,-1.2234326466182721,-0.864915058607629,-1.2817870134630798,-0.2512922625474723,34.74806780110791,-3720.535917198803,96279.46408280119,18,75.55304740406321,1330,885,0.8703223681769628,0.9459443355544991,-0.09507100802979779,0.003624703491337489,
